{"mean": [3.984912686687696, 68.29733500921321, 0.43766666666666665, 6.5083349961243036, 54.95406864785129, 1.0, 1.9951238690137494, 1.0, 3.309302072009946, 0.20233333333333334, 0.49266666666666664], "scale": [2.878877595970428, 23.41988464504337, 0.49609934041032083, 1.6048338033224032, 29.50652084245184, 0.816496580927726, 1.3964223418010426, 0.816496580927726, 2.099722508524982, 0.4017394124996488, 0.49994621932986305]}